,word
0,abbo
1,abo
2,abortion
3,abuse
4,addict
5,addicts
6,adult
7,africa
8,african
9,alla
10,allah
11,alligatorbait
12,amateur
13,american
14,anal
15,analannie
16,analsex
17,angie
18,angry
19,anus
20,arab
21,arabs
22,areola
23,argie
24,aroused
25,arse
26,arsehole
27,asian
28,ass
29,assassin
30,assassinate
31,assassination
32,assault
33,assbagger
34,assblaster
35,assclown
36,asscowboy
37,asses
38,assfuck
39,assfucker
40,asshat
41,asshole
42,assholes
43,asshore
44,assjockey
45,asskiss
46,asskisser
47,assklown
48,asslick
49,asslicker
50,asslover
51,assman
52,assmonkey
53,assmunch
54,assmuncher
55,asspacker
56,asspirate
57,asspuppies
58,assranger
59,asswhore
60,asswipe
61,athletesfoot
62,attack
63,australian
64,babe
65,babies
66,backdoor
67,backdoorman
68,backseat
69,badfuck
70,balllicker
71,balls
72,ballsack
73,banging
74,baptist
75,barelylegal
76,barf
77,barface
78,barfface
79,bast
80,bastard 
81,bazongas
82,bazooms
83,beaner
84,beast
85,beastality
86,beastial
87,beastiality
88,beatoff
89,beat-off
90,beatyourmeat
91,beaver
92,bestial
93,bestiality
94,bi
95,biatch
96,bible
97,bicurious
98,bigass
99,bigbastard
100,bigbutt
101,bigger
102,bisexual
103,bi-sexual
104,bitch
105,bitcher
106,bitches
107,bitchez
108,bitchin
109,bitching
110,bitchslap
111,bitchy
112,biteme
113,black
114,blackman
115,blackout
116,blacks
117,blind
118,blow
119,blowjob
120,boang
121,bogan
122,bohunk
123,bollick
124,bollock
125,bomb
126,bombers
127,bombing
128,bombs
129,bomd
130,bondage
131,boner
132,bong
133,boob
134,boobies
135,boobs
136,booby
137,boody
138,boom
139,boong
140,boonga
141,boonie
142,booty
143,bootycall
144,bountybar
145,bra
146,brea5t
147,breast
148,breastjob
149,breastlover
150,breastman
151,brothel
152,bugger
153,buggered
154,buggery
155,bullcrap
156,bulldike
157,bulldyke
158,bullshit
159,bumblefuck
160,bumfuck
161,bunga
162,bunghole
163,buried
164,burn
165,butchbabes
166,butchdike
167,butchdyke
168,butt
169,buttbang
170,butt-bang
171,buttface
172,buttfuck
173,butt-fuck
174,buttfucker
175,butt-fucker
176,buttfuckers
177,butt-fuckers
178,butthead
179,buttman
180,buttmunch
181,buttmuncher
182,buttpirate
183,buttplug
184,buttstain
185,byatch
186,cacker
187,cameljockey
188,cameltoe
189,canadian
190,cancer
191,carpetmuncher
192,carruth
193,catholic
194,catholics
195,cemetery
196,chav
197,cherrypopper
198,chickslick
199,children's
200,chin
201,chinaman
202,chinamen
203,chinese
204,chink
205,chinky
206,choad
207,chode
208,christ
209,christian
210,church
211,cigarette
212,cigs
213,clamdigger
214,clamdiver
215,clit
216,clitoris
217,clogwog
218,cocaine
219,cock
220,cockblock
221,cockblocker
222,cockcowboy
223,cockfight
224,cockhead
225,cockknob
226,cocklicker
227,cocklover
228,cocknob
229,cockqueen
230,cockrider
231,cocksman
232,cocksmith
233,cocksmoker
234,cocksucer
235,cocksuck 
236,cocksucked 
237,cocksucker
238,cocksucking
239,cocktail
240,cocktease
241,cocky
242,cohee
243,coitus
244,color
245,colored
246,coloured
247,commie
248,communist
249,condom
250,conservative
251,conspiracy
252,coolie
253,cooly
254,coon
255,coondog
256,copulate
257,cornhole
258,corruption
259,cra5h
260,crabs
261,crack
262,crackpipe
263,crackwhore
264,crack-whore
265,crap
266,crapola
267,crapper
268,crappy
269,crash
270,creamy
271,crime
272,crimes
273,criminal
274,criminals
275,crotch
276,crotchjockey
277,crotchmonkey
278,crotchrot
279,cum
280,cumbubble
281,cumfest
282,cumjockey
283,cumm
284,cummer
285,cumming
286,cumquat
287,cumqueen
288,cumshot
289,cunilingus
290,cunillingus
291,cunn
292,cunnilingus
293,cunntt
294,cunt
295,cunteyed
296,cuntfuck
297,cuntfucker
298,cuntlick 
299,cuntlicker 
300,cuntlicking 
301,cuntsucker
302,cybersex
303,cyberslimer
304,dago
305,dahmer
306,dammit
307,damn
308,damnation
309,damnit
310,darkie
311,darky
312,datnigga
313,dead
314,deapthroat
315,death
316,deepthroat
317,defecate
318,dego
319,demon
320,deposit
321,desire
322,destroy
323,deth
324,devil
325,devilworshipper
326,dick
327,dickbrain
328,dickforbrains
329,dickhead
330,dickless
331,dicklick
332,dicklicker
333,dickman
334,dickwad
335,dickweed
336,diddle
337,die
338,died
339,dies
340,dike
341,dildo
342,dingleberry
343,dink
344,dipshit
345,dipstick
346,dirty
347,disease
348,diseases
349,disturbed
350,dive
351,dix
352,dixiedike
353,dixiedyke
354,doggiestyle
355,doggystyle
356,dong
357,doodoo
358,doo-doo
359,doom
360,dope
361,dragqueen
362,dragqween
363,dripdick
364,drug
365,drunk
366,drunken
367,dumb
368,dumbass
369,dumbbitch
370,dumbfuck
371,dyefly
372,dyke
373,easyslut
374,eatballs
375,eatme
376,eatpussy
377,ecstacy
378,ejaculate
379,ejaculated
380,ejaculating 
381,ejaculation
382,enema
383,enemy
384,erect
385,erection
386,ero
387,escort
388,ethiopian
389,ethnic
390,european
391,evl
392,excrement
393,execute
394,executed
395,execution
396,executioner
397,explosion
398,facefucker
399,faeces
400,fag
401,fagging
402,faggot
403,fagot
404,failed
405,failure
406,fairies
407,fairy
408,faith
409,fannyfucker
410,fart
411,farted 
412,farting 
413,farty 
414,fastfuck
415,fat
416,fatah
417,fatass
418,fatfuck
419,fatfucker
420,fatso
421,fckcum
422,fear
423,feces
424,felatio 
425,felch
426,felcher
427,felching
428,fellatio
429,feltch
430,feltcher
431,feltching
432,fetish
433,fight
434,filipina
435,filipino
436,fingerfood
437,fingerfuck 
438,fingerfucked 
439,fingerfucker 
440,fingerfuckers
441,fingerfucking 
442,fire
443,firing
444,fister
445,fistfuck
446,fistfucked 
447,fistfucker 
448,fistfucking 
449,fisting
450,flange
451,flasher
452,flatulence
453,floo
454,flydie
455,flydye
456,fok
457,fondle
458,footaction
459,footfuck
460,footfucker
461,footlicker
462,footstar
463,fore
464,foreskin
465,forni
466,fornicate
467,foursome
468,fourtwenty
469,fraud
470,freakfuck
471,freakyfucker
472,freefuck
473,fu
474,fubar
475,fuc
476,fucck
477,fuck
478,fucka
479,fuckable
480,fuckbag
481,fuckbuddy
482,fucked
483,fuckedup
484,fucker
485,fuckers
486,fuckface
487,fuckfest
488,fuckfreak
489,fuckfriend
490,fuckhead
491,fuckher
492,fuckin
493,fuckina
494,fucking
495,fuckingbitch
496,fuckinnuts
497,fuckinright
498,fuckit
499,fuckknob
500,fuckme 
501,fuckmehard
502,fuckmonkey
503,fuckoff
504,fuckpig
505,fucks
506,fucktard
507,fuckwhore
508,fuckyou
509,fudgepacker
510,fugly
511,fuk
512,fuks
513,funeral
514,funfuck
515,fungus
516,fuuck
517,gangbang
518,gangbanged 
519,gangbanger
520,gangsta
521,gatorbait
522,gay
523,gaymuthafuckinwhore
524,gaysex 
525,geez
526,geezer
527,geni
528,genital
529,german
530,getiton
531,gin
532,ginzo
533,gipp
534,girls
535,givehead
536,glazeddonut
537,gob
538,god
539,godammit
540,goddamit
541,goddammit
542,goddamn
543,goddamned
544,goddamnes
545,goddamnit
546,goddamnmuthafucker
547,goldenshower
548,gonorrehea
549,gonzagas
550,gook
551,gotohell
552,goy
553,goyim
554,greaseball
555,gringo
556,groe
557,gross
558,grostulation
559,gubba
560,gummer
561,gun
562,gyp
563,gypo
564,gypp
565,gyppie
566,gyppo
567,gyppy
568,hamas
569,handjob
570,hapa
571,harder
572,hardon
573,harem
574,headfuck
575,headlights
576,hebe
577,heeb
578,hell
579,henhouse
580,heroin
581,herpes
582,heterosexual
583,hijack
584,hijacker
585,hijacking
586,hillbillies
587,hindoo
588,hiscock
589,hitler
590,hitlerism
591,hitlerist
592,hiv
593,ho
594,hobo
595,hodgie
596,hoes
597,hole
598,holestuffer
599,homicide
600,homo
601,homobangers
602,homosexual
603,honger
604,honk
605,honkers
606,honkey
607,honky
608,hook
609,hooker
610,hookers
611,hooters
612,hore
613,hork
614,horn
615,horney
616,horniest
617,horny
618,horseshit
619,hosejob
620,hoser
621,hostage
622,hotdamn
623,hotpussy
624,hottotrot
625,hummer
626,husky
627,hussy
628,hustler
629,hymen
630,hymie
631,iblowu
632,idiot
633,ikey
634,illegal
635,incest
636,insest
637,intercourse
638,interracial
639,intheass
640,inthebuff
641,israel
642,israeli
643,israel's
644,italiano
645,itch
646,jackass
647,jackoff
648,jackshit
649,jacktheripper
650,jade
651,jap
652,japanese
653,japcrap
654,jebus
655,jeez
656,jerkoff
657,jesus
658,jesuschrist
659,jew
660,jewish
661,jiga
662,jigaboo
663,jigg
664,jigga
665,jiggabo
666,jigger 
667,jiggy
668,jihad
669,jijjiboo
670,jimfish
671,jism
672,jiz 
673,jizim
674,jizjuice
675,jizm 
676,jizz
677,jizzim
678,jizzum
679,joint
680,juggalo
681,jugs
682,junglebunny
683,kaffer
684,kaffir
685,kaffre
686,kafir
687,kanake
688,kid
689,kigger
690,kike
691,kill
692,killed
693,killer
694,killing
695,kills
696,kink
697,kinky
698,kissass
699,kkk
700,knife
701,knockers
702,kock
703,kondum
704,koon
705,kotex
706,krap
707,krappy
708,kraut
709,kum
710,kumbubble
711,kumbullbe
712,kummer
713,kumming
714,kumquat
715,kums
716,kunilingus
717,kunnilingus
718,kunt
719,ky
720,kyke
721,lactate
722,laid
723,lapdance
724,latin
725,lesbain
726,lesbayn
727,lesbian
728,lesbin
729,lesbo
730,lez
731,lezbe
732,lezbefriends
733,lezbo
734,lezz
735,lezzo
736,liberal
737,libido
738,licker
739,lickme
740,lies
741,limey
742,limpdick
743,limy
744,lingerie
745,liquor
746,livesex
747,loadedgun
748,lolita
749,looser
750,loser
751,lotion
752,lovebone
753,lovegoo
754,lovegun
755,lovejuice
756,lovemuscle
757,lovepistol
758,loverocket
759,lowlife
760,lsd
761,lubejob
762,lucifer
763,luckycammeltoe
764,lugan
765,lynch
766,macaca
767,mad
768,mafia
769,magicwand
770,mams
771,manhater
772,manpaste
773,marijuana
774,mastabate
775,mastabater
776,masterbate
777,masterblaster
778,mastrabator
779,masturbate
780,masturbating
781,mattressprincess
782,meatbeatter
783,meatrack
784,meth
785,mexican
786,mgger
787,mggor
788,mickeyfinn
789,mideast
790,milf
791,minority
792,mockey
793,mockie
794,mocky
795,mofo
796,moky
797,moles
798,molest
799,molestation
800,molester
801,molestor
802,moneyshot
803,mooncricket
804,mormon
805,moron
806,moslem
807,mosshead
808,mothafuck
809,mothafucka
810,mothafuckaz
811,mothafucked 
812,mothafucker
813,mothafuckin
814,mothafucking 
815,mothafuckings
816,motherfuck
817,motherfucked
818,motherfucker
819,motherfuckin
820,motherfucking
821,motherfuckings
822,motherlovebone
823,muff
824,muffdive
825,muffdiver
826,muffindiver
827,mufflikcer
828,mulatto
829,muncher
830,munt
831,murder
832,murderer
833,muslim
834,naked
835,narcotic
836,nasty
837,nastybitch
838,nastyho
839,nastyslut
840,nastywhore
841,nazi
842,necro
843,negro
844,negroes
845,negroid
846,negro's
847,nig
848,niger
849,nigerian
850,nigerians
851,nigg
852,nigga
853,niggah
854,niggaracci
855,niggard
856,niggarded
857,niggarding
858,niggardliness
859,niggardliness's
860,niggardly
861,niggards
862,niggard's
863,niggaz
864,nigger
865,niggerhead
866,niggerhole
867,niggers
868,nigger's
869,niggle
870,niggled
871,niggles
872,niggling
873,nigglings
874,niggor
875,niggur
876,niglet
877,nignog
878,nigr
879,nigra
880,nigre
881,nip
882,nipple
883,nipplering
884,nittit
885,nlgger
886,nlggor
887,nofuckingway
888,nook
889,nookey
890,nookie
891,noonan
892,nooner
893,nude
894,nudger
895,nuke
896,nutfucker
897,nymph
898,ontherag
899,oral
900,orga
901,orgasim 
902,orgasm
903,orgies
904,orgy
905,osama
906,paki
907,palesimian
908,palestinian
909,pansies
910,pansy
911,panti
912,panties
913,payo
914,pearlnecklace
915,peck
916,pecker
917,peckerwood
918,pee
919,peehole
920,pee-pee
921,peepshow
922,peepshpw
923,pendy
924,penetration
925,peni5
926,penile
927,penis
928,penises
929,penthouse
930,period
931,perv
932,phonesex
933,phuk
934,phuked
935,phuking
936,phukked
937,phukking
938,phungky
939,phuq
940,pi55
941,picaninny
942,piccaninny
943,pickaninny
944,piker
945,pikey
946,piky
947,pimp
948,pimped
949,pimper
950,pimpjuic
951,pimpjuice
952,pimpsimp
953,pindick
954,piss
955,pissed
956,pisser
957,pisses 
958,pisshead
959,pissin 
960,pissing
961,pissoff 
962,pistol
963,pixie
964,pixy
965,playboy
966,playgirl
967,pocha
968,pocho
969,pocketpool
970,pohm
971,polack
972,pom
973,pommie
974,pommy
975,poo
976,poon
977,poontang
978,poop
979,pooper
980,pooperscooper
981,pooping
982,poorwhitetrash
983,popimp
984,porchmonkey
985,porn
986,pornflick
987,pornking
988,porno
989,pornography
990,pornprincess
991,pot
992,poverty
993,premature
994,pric
995,prick
996,prickhead
997,primetime
998,propaganda
999,pros
1000,prostitute
1001,protestant
1002,pu55i
1003,pu55y
1004,pube
1005,pubic
1006,pubiclice
1007,pud
1008,pudboy
1009,pudd
1010,puddboy
1011,puke
1012,puntang
1013,purinapricness
1014,puss
1015,pussie
1016,pussies
1017,pussy
1018,pussycat
1019,pussyeater
1020,pussyfucker
1021,pussylicker
1022,pussylips
1023,pussylover
1024,pussypounder
1025,pusy
1026,quashie
1027,queef
1028,queer
1029,quickie
1030,quim
1031,ra8s
1032,rabbi
1033,racial
1034,racist
1035,radical
1036,radicals
1037,raghead
1038,randy
1039,rape
1040,raped
1041,raper
1042,rapist
1043,rearend
1044,rearentry
1045,rectum
1046,redlight
1047,redneck
1048,reefer
1049,reestie
1050,refugee
1051,reject
1052,remains
1053,rentafuck
1054,republican
1055,rere
1056,retard
1057,retarded
1058,ribbed
1059,rigger
1060,rimjob
1061,rimming
1062,roach
1063,robber
1064,roundeye
1065,rump
1066,russki
1067,russkie
1068,sadis
1069,sadom
1070,samckdaddy
1071,sandm
1072,sandnigger
1073,satan
1074,scag
1075,scallywag
1076,scat
1077,schlong
1078,screw
1079,screwyou
1080,scrotum
1081,scum
1082,semen
1083,seppo
1084,servant
1085,sex
1086,sexed
1087,sexfarm
1088,sexhound
1089,sexhouse
1090,sexing
1091,sexkitten
1092,sexpot
1093,sexslave
1094,sextogo
1095,sextoy
1096,sextoys
1097,sexual
1098,sexually
1099,sexwhore
1100,sexy
1101,sexymoma
1102,sexy-slim
1103,shag
1104,shaggin
1105,shagging
1106,shat
1107,shav
1108,shawtypimp
1109,sheeney
1110,shhit
1111,shinola
1112,shit
1113,shitcan
1114,shitdick
1115,shite
1116,shiteater
1117,shited
1118,shitface
1119,shitfaced
1120,shitfit
1121,shitforbrains
1122,shitfuck
1123,shitfucker
1124,shitfull
1125,shithapens
1126,shithappens
1127,shithead
1128,shithouse
1129,shiting
1130,shitlist
1131,shitola
1132,shitoutofluck
1133,shits
1134,shitstain
1135,shitted
1136,shitter
1137,shitting
1138,shitty 
1139,shoot
1140,shooting
1141,shortfuck
1142,showtime
1143,sick
1144,sissy
1145,sixsixsix
1146,sixtynine
1147,sixtyniner
1148,skank
1149,skankbitch
1150,skankfuck
1151,skankwhore
1152,skanky
1153,skankybitch
1154,skankywhore
1155,skinflute
1156,skum
1157,skumbag
1158,slant
1159,slanteye
1160,slapper
1161,slaughter
1162,slav
1163,slave
1164,slavedriver
1165,sleezebag
1166,sleezeball
1167,slideitin
1168,slime
1169,slimeball
1170,slimebucket
1171,slopehead
1172,slopey
1173,slopy
1174,slut
1175,sluts
1176,slutt
1177,slutting
1178,slutty
1179,slutwear
1180,slutwhore
1181,smack
1182,smackthemonkey
1183,smut
1184,snatch
1185,snatchpatch
1186,snigger
1187,sniggered
1188,sniggering
1189,sniggers
1190,snigger's
1191,sniper
1192,snot
1193,snowback
1194,snownigger
1195,sob
1196,sodom
1197,sodomise
1198,sodomite
1199,sodomize
1200,sodomy
1201,sonofabitch
1202,sonofbitch
1203,sooty
1204,sos
1205,soviet
1206,spaghettibender
1207,spaghettinigger
1208,spank
1209,spankthemonkey
1210,sperm
1211,spermacide
1212,spermbag
1213,spermhearder
1214,spermherder
1215,spic
1216,spick
1217,spig
1218,spigotty
1219,spik
1220,spit
1221,spitter
1222,splittail
1223,spooge
1224,spreadeagle
1225,spunk
1226,spunky
1227,squaw
1228,stagg
1229,stiffy
1230,strapon
1231,stringer
1232,stripclub
1233,stroke
1234,stroking
1235,stupid
1236,stupidfuck
1237,stupidfucker
1238,suck
1239,suckdick
1240,sucker
1241,suckme
1242,suckmyass
1243,suckmydick
1244,suckmytit
1245,suckoff
1246,suicide
1247,swallow
1248,swallower
1249,swalow
1250,swastika
1251,sweetness
1252,syphilis
1253,taboo
1254,taff
1255,tampon
1256,tang
1257,tantra
1258,tarbaby
1259,tard
1260,teat
1261,terror
1262,terrorist
1263,teste
1264,testicle
1265,testicles
1266,thicklips
1267,thirdeye
1268,thirdleg
1269,threesome
1270,threeway
1271,timbernigger
1272,tinkle
1273,tit
1274,titbitnipply
1275,titfuck
1276,titfucker
1277,titfuckin
1278,titjob
1279,titlicker
1280,titlover
1281,tits
1282,tittie
1283,titties
1284,titty
1285,tnt
1286,toilet
1287,tongethruster
1288,tongue
1289,tonguethrust
1290,tonguetramp
1291,tortur
1292,torture
1293,tosser
1294,towelhead
1295,trailertrash
1296,tramp
1297,trannie
1298,tranny
1299,transexual
1300,transsexual
1301,transvestite
1302,triplex
1303,trisexual
1304,trojan
1305,trots
1306,tuckahoe
1307,tunneloflove
1308,turd
1309,turnon
1310,twat
1311,twink
1312,twinkie
1313,twobitwhore
1314,uck
1315,uk
1316,unfuckable
1317,upskirt
1318,uptheass
1319,upthebutt
1320,urinary
1321,urinate
1322,urine
1323,usama
1324,uterus
1325,vagina
1326,vaginal
1327,vatican
1328,vibr
1329,vibrater
1330,vibrator
1331,vietcong
1332,violence
1333,virgin
1334,virginbreaker
1335,vomit
1336,vulva
1337,wab
1338,wank
1339,wanker
1340,wanking
1341,waysted
1342,weapon
1343,weenie
1344,weewee
1345,welcher
1346,welfare
1347,wetb
1348,wetback
1349,wetspot
1350,whacker
1351,whash
1352,whigger
1353,whiskey
1354,whiskeydick
1355,whiskydick
1356,whit
1357,whitenigger
1358,whites
1359,whitetrash
1360,whitey
1361,whiz
1362,whop
1363,whore
1364,whorefucker
1365,whorehouse
1366,wigger
1367,willie
1368,williewanker
1369,willy
1370,wn
1371,wog
1372,women's
1373,wop
1374,wtf
1375,wuss
1376,wuzzie
1377,xtc
1378,xxx
1379,yankee
1380,yellowman
1381,zigabo
1382,zipperhead
